{
  "GET /api/ricerca/all" : {
    "transaction" : "GET /api/ricerca/all",
    "sampleCount" : 76019,
    "errorCount" : 0,
    "errorPct" : 0.0,
    "meanResTime" : 92.35462187084849,
    "medianResTime" : 112.0,
    "minResTime" : 1.0,
    "maxResTime" : 1615.0,
    "pct1ResTime" : 244.0,
    "pct2ResTime" : 371.0,
    "pct3ResTime" : 708.0,
    "throughput" : 1268.8654838009713,
    "receivedKBytesPerSec" : 13756.781837068735,
    "sentKBytesPerSec" : 156.12993257707265
  },
  "GET /api/ricerca/premium" : {
    "transaction" : "GET /api/ricerca/premium",
    "sampleCount" : 75633,
    "errorCount" : 0,
    "errorPct" : 0.0,
    "meanResTime" : 92.38660373117557,
    "medianResTime" : 108.0,
    "minResTime" : 0.0,
    "maxResTime" : 1700.0,
    "pct1ResTime" : 247.0,
    "pct2ResTime" : 362.0,
    "pct3ResTime" : 679.9900000000016,
    "throughput" : 1270.0755667506298,
    "receivedKBytesPerSec" : 3615.4983174590684,
    "sentKBytesPerSec" : 161.24006218513856
  },
  "GET /api/annuncio/visualizza-annunci-utente" : {
    "transaction" : "GET /api/annuncio/visualizza-annunci-utente",
    "sampleCount" : 74821,
    "errorCount" : 0,
    "errorPct" : 0.0,
    "meanResTime" : 92.9094772857886,
    "medianResTime" : 109.0,
    "minResTime" : 0.0,
    "maxResTime" : 1641.0,
    "pct1ResTime" : 245.0,
    "pct2ResTime" : 363.9500000000007,
    "pct3ResTime" : 679.9900000000016,
    "throughput" : 1265.4714587737842,
    "receivedKBytesPerSec" : 1320.2366708509514,
    "sentKBytesPerSec" : 190.73529994714588
  },
  "GET /api/valutazione/visualizza-valutazioni-annuncio" : {
    "transaction" : "GET /api/valutazione/visualizza-valutazioni-annuncio",
    "sampleCount" : 74435,
    "errorCount" : 0,
    "errorPct" : 0.0,
    "meanResTime" : 93.70418485927337,
    "medianResTime" : 109.0,
    "minResTime" : 0.0,
    "maxResTime" : 1723.0,
    "pct1ResTime" : 247.0,
    "pct2ResTime" : 380.9500000000007,
    "pct3ResTime" : 715.9900000000016,
    "throughput" : 1263.4732571758357,
    "receivedKBytesPerSec" : 558.8535842842412,
    "sentKBytesPerSec" : 201.9089423970516
  },
  "Total" : {
    "transaction" : "Total",
    "sampleCount" : 376137,
    "errorCount" : 0,
    "errorPct" : 0.0,
    "meanResTime" : 92.62824449602122,
    "medianResTime" : 99.0,
    "minResTime" : 0.0,
    "maxResTime" : 1723.0,
    "pct1ResTime" : 255.0,
    "pct2ResTime" : 400.9500000000007,
    "pct3ResTime" : 1141.0,
    "throughput" : 6278.2627564220265,
    "receivedKBytesPerSec" : 20117.66473785073,
    "sentKBytesPerSec" : 885.4466971059154
  },
  "GET /api/annuncio/visualizza-annuncio" : {
    "transaction" : "GET /api/annuncio/visualizza-annuncio",
    "sampleCount" : 75229,
    "errorCount" : 0,
    "errorPct" : 0.0,
    "meanResTime" : 91.80338699171841,
    "medianResTime" : 109.0,
    "minResTime" : 0.0,
    "maxResTime" : 1609.0,
    "pct1ResTime" : 241.0,
    "pct2ResTime" : 356.0,
    "pct3ResTime" : 678.0,
    "throughput" : 1267.7406851923627,
    "receivedKBytesPerSec" : 923.496339614474,
    "sentKBytesPerSec" : 184.02057335990293
  }
}