{
  "GET /api/ricerca/all" : {
    "transaction" : "GET /api/ricerca/all",
    "sampleCount" : 80677,
    "errorCount" : 0,
    "errorPct" : 0.0,
    "meanResTime" : 76.5332870582684,
    "medianResTime" : 86.0,
    "minResTime" : 1.0,
    "maxResTime" : 1438.0,
    "pct1ResTime" : 173.0,
    "pct2ResTime" : 228.0,
    "pct3ResTime" : 543.0,
    "throughput" : 1346.8389509357105,
    "receivedKBytesPerSec" : 14602.154329383064,
    "sentKBytesPerSec" : 165.7243240409175
  },
  "GET /api/ricerca/premium" : {
    "transaction" : "GET /api/ricerca/premium",
    "sampleCount" : 80283,
    "errorCount" : 0,
    "errorPct" : 0.0,
    "meanResTime" : 75.55162363140381,
    "medianResTime" : 85.0,
    "minResTime" : 0.0,
    "maxResTime" : 1606.0,
    "pct1ResTime" : 174.0,
    "pct2ResTime" : 228.0,
    "pct3ResTime" : 544.0,
    "throughput" : 1348.8407258064517,
    "receivedKBytesPerSec" : 3839.7174958259825,
    "sentKBytesPerSec" : 171.23954526839717
  },
  "GET /api/annuncio/visualizza-annunci-utente" : {
    "transaction" : "GET /api/annuncio/visualizza-annunci-utente",
    "sampleCount" : 79513,
    "errorCount" : 0,
    "errorPct" : 0.0,
    "meanResTime" : 75.13402839787179,
    "medianResTime" : 84.0,
    "minResTime" : 0.0,
    "maxResTime" : 1612.0,
    "pct1ResTime" : 172.0,
    "pct2ResTime" : 226.0,
    "pct3ResTime" : 497.0,
    "throughput" : 1345.5342335939351,
    "receivedKBytesPerSec" : 1403.7985296730633,
    "sentKBytesPerSec" : 202.80245377068738
  },
  "GET /api/valutazione/visualizza-valutazioni-annuncio" : {
    "transaction" : "GET /api/valutazione/visualizza-valutazioni-annuncio",
    "sampleCount" : 79092,
    "errorCount" : 0,
    "errorPct" : 0.0,
    "meanResTime" : 75.93144692257252,
    "medianResTime" : 84.0,
    "minResTime" : 0.0,
    "maxResTime" : 1693.0,
    "pct1ResTime" : 170.0,
    "pct2ResTime" : 221.0,
    "pct3ResTime" : 539.9900000000016,
    "throughput" : 1343.160397384733,
    "receivedKBytesPerSec" : 594.107323862189,
    "sentKBytesPerSec" : 214.64324663539102
  },
  "Total" : {
    "transaction" : "Total",
    "sampleCount" : 399456,
    "errorCount" : 0,
    "errorPct" : 0.0,
    "meanResTime" : 75.52933990226856,
    "medianResTime" : 88.0,
    "minResTime" : 0.0,
    "maxResTime" : 1693.0,
    "pct1ResTime" : 173.0,
    "pct2ResTime" : 225.0,
    "pct3ResTime" : 631.9900000000016,
    "throughput" : 6668.6031952722,
    "receivedKBytesPerSec" : 21357.921886216423,
    "sentKBytesPerSec" : 940.5450797200798
  },
  "GET /api/annuncio/visualizza-annuncio" : {
    "transaction" : "GET /api/annuncio/visualizza-annuncio",
    "sampleCount" : 79891,
    "errorCount" : 0,
    "errorPct" : 0.0,
    "meanResTime" : 74.48847805134575,
    "medianResTime" : 83.0,
    "minResTime" : 0.0,
    "maxResTime" : 1605.0,
    "pct1ResTime" : 171.0,
    "pct2ResTime" : 221.0,
    "pct3ResTime" : 525.9600000000064,
    "throughput" : 1347.0526741754907,
    "receivedKBytesPerSec" : 981.2700983372816,
    "sentKBytesPerSec" : 195.53322604560094
  }
}