{
  "GET /api/ricerca/all" : {
    "transaction" : "GET /api/ricerca/all",
    "sampleCount" : 82767,
    "errorCount" : 0,
    "errorPct" : 0.0,
    "meanResTime" : 69.93629103386655,
    "medianResTime" : 89.0,
    "minResTime" : 1.0,
    "maxResTime" : 2375.0,
    "pct1ResTime" : 176.0,
    "pct2ResTime" : 224.0,
    "pct3ResTime" : 445.0,
    "throughput" : 1381.4992238487089,
    "receivedKBytesPerSec" : 14977.933967937857,
    "sentKBytesPerSec" : 169.9891623095091
  },
  "GET /api/ricerca/premium" : {
    "transaction" : "GET /api/ricerca/premium",
    "sampleCount" : 82387,
    "errorCount" : 0,
    "errorPct" : 0.0,
    "meanResTime" : 68.75329845727997,
    "medianResTime" : 90.0,
    "minResTime" : 0.0,
    "maxResTime" : 2394.0,
    "pct1ResTime" : 175.0,
    "pct2ResTime" : 222.0,
    "pct3ResTime" : 439.9900000000016,
    "throughput" : 1383.771708824616,
    "receivedKBytesPerSec" : 3939.1548156481995,
    "sentKBytesPerSec" : 175.6741427218751
  },
  "GET /api/annuncio/visualizza-annunci-utente" : {
    "transaction" : "GET /api/annuncio/visualizza-annunci-utente",
    "sampleCount" : 81600,
    "errorCount" : 0,
    "errorPct" : 0.0,
    "meanResTime" : 68.47476715686207,
    "medianResTime" : 88.0,
    "minResTime" : 0.0,
    "maxResTime" : 2366.0,
    "pct1ResTime" : 175.0,
    "pct2ResTime" : 222.0,
    "pct3ResTime" : 447.0,
    "throughput" : 1380.5471433163584,
    "receivedKBytesPerSec" : 1440.283187429154,
    "sentKBytesPerSec" : 208.0796829531612
  },
  "GET /api/valutazione/visualizza-valutazioni-annuncio" : {
    "transaction" : "GET /api/valutazione/visualizza-valutazioni-annuncio",
    "sampleCount" : 81184,
    "errorCount" : 0,
    "errorPct" : 0.0,
    "meanResTime" : 68.50381848640144,
    "medianResTime" : 88.0,
    "minResTime" : 0.0,
    "maxResTime" : 2328.0,
    "pct1ResTime" : 173.0,
    "pct2ResTime" : 218.0,
    "pct3ResTime" : 448.9900000000016,
    "throughput" : 1378.4531793870447,
    "receivedKBytesPerSec" : 609.7088336499278,
    "sentKBytesPerSec" : 220.28331670770012
  },
  "Total" : {
    "transaction" : "Total",
    "sampleCount" : 409909,
    "errorCount" : 0,
    "errorPct" : 0.0,
    "meanResTime" : 68.71130909543186,
    "medianResTime" : 93.0,
    "minResTime" : 0.0,
    "maxResTime" : 2404.0,
    "pct1ResTime" : 178.0,
    "pct2ResTime" : 211.0,
    "pct3ResTime" : 310.9900000000016,
    "throughput" : 6841.9655822803825,
    "receivedKBytesPerSec" : 21909.573517123317,
    "sentKBytesPerSec" : 965.0091646358766
  },
  "GET /api/annuncio/visualizza-annuncio" : {
    "transaction" : "GET /api/annuncio/visualizza-annuncio",
    "sampleCount" : 81971,
    "errorCount" : 0,
    "errorPct" : 0.0,
    "meanResTime" : 67.87319905820324,
    "medianResTime" : 88.0,
    "minResTime" : 0.0,
    "maxResTime" : 2404.0,
    "pct1ResTime" : 174.0,
    "pct2ResTime" : 220.0,
    "pct3ResTime" : 445.0,
    "throughput" : 1381.6811906888938,
    "receivedKBytesPerSec" : 1006.4968311224233,
    "sentKBytesPerSec" : 200.55968601458864
  }
}